"жЂИТіъсѓ╗сЃФтЅіжЎцсЃюсѓ┐сЃ│","","","тЅіжЎцтЙїУЕ░сѓЂON","","true","уЙјУАЊсЃФсЃ╝сЃа\nтЁеСйЊ\nсѓ╣сѓ▒сѓИсЃЦсЃ╝сЃФ\nmemo","","","","","","","","","","","","","","","hrm#13","","","spy#29","","","","","","","","","","","","","","","","","","s#36сЃюсЃ╝сЃЅТЅЊсЂА№╝ѕС╗«№╝Ѕ","","","","","","","","","","","","","","","","","","","","","","","","","","","","","","","","","","","","","","","","","","","","","","","","","","","","","","","","","","","","","","","","","","","","","","","","","","","","","","","","","","","","","","","","","","","","","","","","","","","","","","","","","","","","","","","","","","","","","","","","","","","","","","","","","","","","","","","","","","","","","","","","","","","","","","","","","","","","","","","","","","","","","","","","","","","","","","","","","","","","","","","","","","","","","","","","","","","","","","","","","",""
"","","","","","","","","","","","","","","","","","","","","","","","","ggg#1","","","","","","","","","","","","","","","","","","","","","","","","","","","","","","","","","","","","","","","","","","","","","","","","","","","","","","","","","","","","","","","","","","","","","","","","","","","","","","","","","","","","","","","","","","","","","","","","","","","","","","","","","","","","","","","","","","","","","","","","","","","","","","","","","","","","","","","","","","","","","","","","","","","","","","","","","","","","","","","","","","","","","","","","","","","","","","","","","","","","","","","","","","","","","","","","","","","","","","","","","","","","","","","","","","","","","","","","","","","",""
"уЕ║уЎйсѓ╗сЃФУ┐йтіасЃюсѓ┐сЃ│","","","тЁЃсЂ«сѓисЃ╝сЃ│сѓ╗сЃФсЂ»\nтЙїсѓЇсЂФсЂџсѓїсЂЙсЂЎ","","","","","","","","","","","","","","","","","","","","","","","","","","","","","","","","","","","","","","","","","","","","","","","","","","","","","W#1уиатѕЄ","","","","","","","","","","","","","","","","","","","","","","","","","","","","","","","","","","","","","","","","","","","","","","","","","","","","","","","","","","","","","","","","","","","","","","","","","","","","","","","","","","","","","","","","","","","","","","","","","","","","","","","","","","","","","","","","","","","","","","","","","","","","","","","","","","","","","","","","","","","","","","","","","","","","","","","","","","","","","","","","","","","","","","","","","","","","","","","","","","","","","","","","","","","",""
"","","","","","","","","","","","","","","","","","","","","","","","","","","","","","","","","","","","","","","","","","","","","","","","","","","","","","","","","","","","","","","","","","","","","","","","","","","","","","","","","","","","","","","","","","","","","","","","","","","","","","","","","","","","","","","","","","","","","","","","","","","","","","","","","","","","","","","","","","","","","","","","","","","","","","","","","","","","","","","","","","","","","","","","","","","","","","","","","","","","","","","","","","","","","","","","","","","","","","","","","","","","","","","","","","","","","","","","","","","","","","","","","","","","","","","","","","","","","","","","","","","","",""
"CLWуЙјУАЊСйюТЦГУђЁСИђУдД","","","","","","","Fri Mar 31 2023 11:00:00 GMT-0400 (сѓбсЃАсЃфсѓФТЮ▒жЃетцЈТЎѓжќЊ)","Sat Apr 01 2023 11:00:00 GMT-0400 (сѓбсЃАсЃфсѓФТЮ▒жЃетцЈТЎѓжќЊ)","Sun Apr 02 2023 11:00:00 GMT-0400 (сѓбсЃАсЃфсѓФТЮ▒жЃетцЈТЎѓжќЊ)","Mon Apr 03 2023 11:00:00 GMT-0400 (сѓбсЃАсЃфсѓФТЮ▒жЃетцЈТЎѓжќЊ)","Tue Apr 04 2023 11:00:00 GMT-0400 (сѓбсЃАсЃфсѓФТЮ▒жЃетцЈТЎѓжќЊ)","Wed Apr 05 2023 11:00:00 GMT-0400 (сѓбсЃАсЃфсѓФТЮ▒жЃетцЈТЎѓжќЊ)","Thu Apr 06 2023 11:00:00 GMT-0400 (сѓбсЃАсЃфсѓФТЮ▒жЃетцЈТЎѓжќЊ)","Fri Apr 07 2023 11:00:00 GMT-0400 (сѓбсЃАсЃфсѓФТЮ▒жЃетцЈТЎѓжќЊ)","Sat Apr 08 2023 11:00:00 GMT-0400 (сѓбсЃАсЃфсѓФТЮ▒жЃетцЈТЎѓжќЊ)","Sun Apr 09 2023 11:00:00 GMT-0400 (сѓбсЃАсЃфсѓФТЮ▒жЃетцЈТЎѓжќЊ)","Mon Apr 10 2023 11:00:00 GMT-0400 (сѓбсЃАсЃфсѓФТЮ▒жЃетцЈТЎѓжќЊ)","Tue Apr 11 2023 11:00:00 GMT-0400 (сѓбсЃАсЃфсѓФТЮ▒жЃетцЈТЎѓжќЊ)","Wed Apr 12 2023 11:00:00 GMT-0400 (сѓбсЃАсЃфсѓФТЮ▒жЃетцЈТЎѓжќЊ)","Thu Apr 13 2023 11:00:00 GMT-0400 (сѓбсЃАсЃфсѓФТЮ▒жЃетцЈТЎѓжќЊ)","Fri Apr 14 2023 11:00:00 GMT-0400 (сѓбсЃАсЃфсѓФТЮ▒жЃетцЈТЎѓжќЊ)","Sat Apr 15 2023 11:00:00 GMT-0400 (сѓбсЃАсЃфсѓФТЮ▒жЃетцЈТЎѓжќЊ)","Sun Apr 16 2023 11:00:00 GMT-0400 (сѓбсЃАсЃфсѓФТЮ▒жЃетцЈТЎѓжќЊ)","Mon Apr 17 2023 11:00:00 GMT-0400 (сѓбсЃАсЃфсѓФТЮ▒жЃетцЈТЎѓжќЊ)","Tue Apr 18 2023 11:00:00 GMT-0400 (сѓбсЃАсЃфсѓФТЮ▒жЃетцЈТЎѓжќЊ)","Wed Apr 19 2023 11:00:00 GMT-0400 (сѓбсЃАсЃфсѓФТЮ▒жЃетцЈТЎѓжќЊ)","Thu Apr 20 2023 11:00:00 GMT-0400 (сѓбсЃАсЃфсѓФТЮ▒жЃетцЈТЎѓжќЊ)","Fri Apr 21 2023 11:00:00 GMT-0400 (сѓбсЃАсЃфсѓФТЮ▒жЃетцЈТЎѓжќЊ)","Sat Apr 22 2023 11:00:00 GMT-0400 (сѓбсЃАсЃфсѓФТЮ▒жЃетцЈТЎѓжќЊ)","Sun Apr 23 2023 11:00:00 GMT-0400 (сѓбсЃАсЃфсѓФТЮ▒жЃетцЈТЎѓжќЊ)","Mon Apr 24 2023 11:00:00 GMT-0400 (сѓбсЃАсЃфсѓФТЮ▒жЃетцЈТЎѓжќЊ)","Tue Apr 25 2023 11:00:00 GMT-0400 (сѓбсЃАсЃфсѓФТЮ▒жЃетцЈТЎѓжќЊ)","Wed Apr 26 2023 11:00:00 GMT-0400 (сѓбсЃАсЃфсѓФТЮ▒жЃетцЈТЎѓжќЊ)","Thu Apr 27 2023 11:00:00 GMT-0400 (сѓбсЃАсЃфсѓФТЮ▒жЃетцЈТЎѓжќЊ)","Fri Apr 28 2023 11:00:00 GMT-0400 (сѓбсЃАсЃфсѓФТЮ▒жЃетцЈТЎѓжќЊ)","Sat Apr 29 2023 11:00:00 GMT-0400 (сѓбсЃАсЃфсѓФТЮ▒жЃетцЈТЎѓжќЊ)","Sun Apr 30 2023 11:00:00 GMT-0400 (сѓбсЃАсЃфсѓФТЮ▒жЃетцЈТЎѓжќЊ)","Mon May 01 2023 11:00:00 GMT-0400 (сѓбсЃАсЃфсѓФТЮ▒жЃетцЈТЎѓжќЊ)","Tue May 02 2023 11:00:00 GMT-0400 (сѓбсЃАсЃфсѓФТЮ▒жЃетцЈТЎѓжќЊ)","Fri Aug 11 2023 11:00:00 GMT-0400 (сѓбсЃАсЃфсѓФТЮ▒жЃетцЈТЎѓжќЊ)","Sat Aug 12 2023 11:00:00 GMT-0400 (сѓбсЃАсЃфсѓФТЮ▒жЃетцЈТЎѓжќЊ)","Sun Aug 13 2023 11:00:00 GMT-0400 (сѓбсЃАсЃфсѓФТЮ▒жЃетцЈТЎѓжќЊ)","Mon Aug 14 2023 11:00:00 GMT-0400 (сѓбсЃАсЃфсѓФТЮ▒жЃетцЈТЎѓжќЊ)","Tue Aug 15 2023 11:00:00 GMT-0400 (сѓбсЃАсЃфсѓФТЮ▒жЃетцЈТЎѓжќЊ)","Wed Aug 16 2023 11:00:00 GMT-0400 (сѓбсЃАсЃфсѓФТЮ▒жЃетцЈТЎѓжќЊ)","Thu Aug 17 2023 11:00:00 GMT-0400 (сѓбсЃАсЃфсѓФТЮ▒жЃетцЈТЎѓжќЊ)","Fri Aug 18 2023 11:00:00 GMT-0400 (сѓбсЃАсЃфсѓФТЮ▒жЃетцЈТЎѓжќЊ)","Sat Aug 19 2023 11:00:00 GMT-0400 (сѓбсЃАсЃфсѓФТЮ▒жЃетцЈТЎѓжќЊ)","Sun Aug 20 2023 11:00:00 GMT-0400 (сѓбсЃАсЃфсѓФТЮ▒жЃетцЈТЎѓжќЊ)","Mon Aug 21 2023 11:00:00 GMT-0400 (сѓбсЃАсЃфсѓФТЮ▒жЃетцЈТЎѓжќЊ)","Tue Aug 22 2023 11:00:00 GMT-0400 (сѓбсЃАсЃфсѓФТЮ▒жЃетцЈТЎѓжќЊ)","Wed Aug 23 2023 11:00:00 GMT-0400 (сѓбсЃАсЃфсѓФТЮ▒жЃетцЈТЎѓжќЊ)","Thu Aug 24 2023 11:00:00 GMT-0400 (сѓбсЃАсЃфсѓФТЮ▒жЃетцЈТЎѓжќЊ)","Fri Aug 25 2023 11:00:00 GMT-0400 (сѓбсЃАсЃфсѓФТЮ▒жЃетцЈТЎѓжќЊ)","Sat Aug 26 2023 11:00:00 GMT-0400 (сѓбсЃАсЃфсѓФТЮ▒жЃетцЈТЎѓжќЊ)","Sun Aug 27 2023 11:00:00 GMT-0400 (сѓбсЃАсЃфсѓФТЮ▒жЃетцЈТЎѓжќЊ)","Mon Aug 28 2023 11:00:00 GMT-0400 (сѓбсЃАсЃфсѓФТЮ▒жЃетцЈТЎѓжќЊ)","Tue Aug 29 2023 11:00:00 GMT-0400 (сѓбсЃАсЃфсѓФТЮ▒жЃетцЈТЎѓжќЊ)","Wed Aug 30 2023 11:00:00 GMT-0400 (сѓбсЃАсЃфсѓФТЮ▒жЃетцЈТЎѓжќЊ)","Thu Aug 31 2023 11:00:00 GMT-0400 (сѓбсЃАсЃфсѓФТЮ▒жЃетцЈТЎѓжќЊ)","Fri Sep 01 2023 11:00:00 GMT-0400 (сѓбсЃАсЃфсѓФТЮ▒жЃетцЈТЎѓжќЊ)","Sat Sep 02 2023 11:00:00 GMT-0400 (сѓбсЃАсЃфсѓФТЮ▒жЃетцЈТЎѓжќЊ)","Sun Sep 03 2023 11:00:00 GMT-0400 (сѓбсЃАсЃфсѓФТЮ▒жЃетцЈТЎѓжќЊ)","Mon Sep 04 2023 11:00:00 GMT-0400 (сѓбсЃАсЃфсѓФТЮ▒жЃетцЈТЎѓжќЊ)","Tue Sep 05 2023 11:00:00 GMT-0400 (сѓбсЃАсЃфсѓФТЮ▒жЃетцЈТЎѓжќЊ)","Wed Sep 06 2023 11:00:00 GMT-0400 (сѓбсЃАсЃфсѓФТЮ▒жЃетцЈТЎѓжќЊ)","Thu Sep 07 2023 11:00:00 GMT-0400 (сѓбсЃАсЃфсѓФТЮ▒жЃетцЈТЎѓжќЊ)","Fri Sep 08 2023 11:00:00 GMT-0400 (сѓбсЃАсЃфсѓФТЮ▒жЃетцЈТЎѓжќЊ)","Sat Sep 09 2023 11:00:00 GMT-0400 (сѓбсЃАсЃфсѓФТЮ▒жЃетцЈТЎѓжќЊ)","Sun Sep 10 2023 11:00:00 GMT-0400 (сѓбсЃАсЃфсѓФТЮ▒жЃетцЈТЎѓжќЊ)","Mon Sep 11 2023 11:00:00 GMT-0400 (сѓбсЃАсЃфсѓФТЮ▒жЃетцЈТЎѓжќЊ)","Tue Sep 12 2023 11:00:00 GMT-0400 (сѓбсЃАсЃфсѓФТЮ▒жЃетцЈТЎѓжќЊ)","Wed Sep 13 2023 11:00:00 GMT-0400 (сѓбсЃАсЃфсѓФТЮ▒жЃетцЈТЎѓжќЊ)","Thu Sep 14 2023 11:00:00 GMT-0400 (сѓбсЃАсЃфсѓФТЮ▒жЃетцЈТЎѓжќЊ)","Fri Sep 15 2023 11:00:00 GMT-0400 (сѓбсЃАсЃфсѓФТЮ▒жЃетцЈТЎѓжќЊ)","Sat Sep 16 2023 11:00:00 GMT-0400 (сѓбсЃАсЃфсѓФТЮ▒жЃетцЈТЎѓжќЊ)","Sun Sep 17 2023 11:00:00 GMT-0400 (сѓбсЃАсЃфсѓФТЮ▒жЃетцЈТЎѓжќЊ)","Mon Sep 18 2023 11:00:00 GMT-0400 (сѓбсЃАсЃфсѓФТЮ▒жЃетцЈТЎѓжќЊ)","Tue Sep 19 2023 11:00:00 GMT-0400 (сѓбсЃАсЃфсѓФТЮ▒жЃетцЈТЎѓжќЊ)","Wed Sep 20 2023 11:00:00 GMT-0400 (сѓбсЃАсЃфсѓФТЮ▒жЃетцЈТЎѓжќЊ)","Thu Sep 21 2023 11:00:00 GMT-0400 (сѓбсЃАсЃфсѓФТЮ▒жЃетцЈТЎѓжќЊ)","Fri Sep 22 2023 11:00:00 GMT-0400 (сѓбсЃАсЃфсѓФТЮ▒жЃетцЈТЎѓжќЊ)","Sat Sep 23 2023 11:00:00 GMT-0400 (сѓбсЃАсЃфсѓФТЮ▒жЃетцЈТЎѓжќЊ)","Sun Sep 24 2023 11:00:00 GMT-0400 (сѓбсЃАсЃфсѓФТЮ▒жЃетцЈТЎѓжќЊ)","Mon Sep 25 2023 11:00:00 GMT-0400 (сѓбсЃАсЃфсѓФТЮ▒жЃетцЈТЎѓжќЊ)","Tue Sep 26 2023 11:00:00 GMT-0400 (сѓбсЃАсЃфсѓФТЮ▒жЃетцЈТЎѓжќЊ)","Wed Sep 27 2023 11:00:00 GMT-0400 (сѓбсЃАсЃфсѓФТЮ▒жЃетцЈТЎѓжќЊ)","Thu Sep 28 2023 11:00:00 GMT-0400 (сѓбсЃАсЃфсѓФТЮ▒жЃетцЈТЎѓжќЊ)","Fri Sep 29 2023 11:00:00 GMT-0400 (сѓбсЃАсЃфсѓФТЮ▒жЃетцЈТЎѓжќЊ)","Sat Sep 30 2023 11:00:00 GMT-0400 (сѓбсЃАсЃфсѓФТЮ▒жЃетцЈТЎѓжќЊ)","Sun Oct 01 2023 11:00:00 GMT-0400 (сѓбсЃАсЃфсѓФТЮ▒жЃетцЈТЎѓжќЊ)","Mon Oct 02 2023 11:00:00 GMT-0400 (сѓбсЃАсЃфсѓФТЮ▒жЃетцЈТЎѓжќЊ)","Tue Oct 03 2023 11:00:00 GMT-0400 (сѓбсЃАсЃфсѓФТЮ▒жЃетцЈТЎѓжќЊ)","Wed Oct 04 2023 11:00:00 GMT-0400 (сѓбсЃАсЃфсѓФТЮ▒жЃетцЈТЎѓжќЊ)","Thu Oct 05 2023 11:00:00 GMT-0400 (сѓбсЃАсЃфсѓФТЮ▒жЃетцЈТЎѓжќЊ)","Fri Oct 06 2023 11:00:00 GMT-0400 (сѓбсЃАсЃфсѓФТЮ▒жЃетцЈТЎѓжќЊ)","Sat Oct 07 2023 11:00:00 GMT-0400 (сѓбсЃАсЃфсѓФТЮ▒жЃетцЈТЎѓжќЊ)","Sun Oct 08 2023 11:00:00 GMT-0400 (сѓбсЃАсЃфсѓФТЮ▒жЃетцЈТЎѓжќЊ)","Mon Oct 09 2023 11:00:00 GMT-0400 (сѓбсЃАсЃфсѓФТЮ▒жЃетцЈТЎѓжќЊ)","Tue Oct 10 2023 11:00:00 GMT-0400 (сѓбсЃАсЃфсѓФТЮ▒жЃетцЈТЎѓжќЊ)","Wed Oct 11 2023 11:00:00 GMT-0400 (сѓбсЃАсЃфсѓФТЮ▒жЃетцЈТЎѓжќЊ)","Thu Oct 12 2023 11:00:00 GMT-0400 (сѓбсЃАсЃфсѓФТЮ▒жЃетцЈТЎѓжќЊ)","Fri Oct 13 2023 11:00:00 GMT-0400 (сѓбсЃАсЃфсѓФТЮ▒жЃетцЈТЎѓжќЊ)","Sat Oct 14 2023 11:00:00 GMT-0400 (сѓбсЃАсЃфсѓФТЮ▒жЃетцЈТЎѓжќЊ)","Sun Oct 15 2023 11:00:00 GMT-0400 (сѓбсЃАсЃфсѓФТЮ▒жЃетцЈТЎѓжќЊ)","Mon Oct 16 2023 11:00:00 GMT-0400 (сѓбсЃАсЃфсѓФТЮ▒жЃетцЈТЎѓжќЊ)","Tue Oct 17 2023 11:00:00 GMT-0400 (сѓбсЃАсЃфсѓФТЮ▒жЃетцЈТЎѓжќЊ)","Wed Oct 18 2023 11:00:00 GMT-0400 (сѓбсЃАсЃфсѓФТЮ▒жЃетцЈТЎѓжќЊ)","Thu Oct 19 2023 11:00:00 GMT-0400 (сѓбсЃАсЃфсѓФТЮ▒жЃетцЈТЎѓжќЊ)","Fri Oct 20 2023 11:00:00 GMT-0400 (сѓбсЃАсЃфсѓФТЮ▒жЃетцЈТЎѓжќЊ)","Sat Oct 21 2023 11:00:00 GMT-0400 (сѓбсЃАсЃфсѓФТЮ▒жЃетцЈТЎѓжќЊ)","Sun Oct 22 2023 11:00:00 GMT-0400 (сѓбсЃАсЃфсѓФТЮ▒жЃетцЈТЎѓжќЊ)","Mon Oct 23 2023 11:00:00 GMT-0400 (сѓбсЃАсЃфсѓФТЮ▒жЃетцЈТЎѓжќЊ)","Tue Oct 24 2023 11:00:00 GMT-0400 (сѓбсЃАсЃфсѓФТЮ▒жЃетцЈТЎѓжќЊ)","Wed Oct 25 2023 11:00:00 GMT-0400 (сѓбсЃАсЃфсѓФТЮ▒жЃетцЈТЎѓжќЊ)","Thu Oct 26 2023 11:00:00 GMT-0400 (сѓбсЃАсЃфсѓФТЮ▒жЃетцЈТЎѓжќЊ)","Fri Oct 27 2023 11:00:00 GMT-0400 (сѓбсЃАсЃфсѓФТЮ▒жЃетцЈТЎѓжќЊ)","Sat Oct 28 2023 11:00:00 GMT-0400 (сѓбсЃАсЃфсѓФТЮ▒жЃетцЈТЎѓжќЊ)","Sun Oct 29 2023 11:00:00 GMT-0400 (сѓбсЃАсЃфсѓФТЮ▒жЃетцЈТЎѓжќЊ)","Mon Oct 30 2023 11:00:00 GMT-0400 (сѓбсЃАсЃфсѓФТЮ▒жЃетцЈТЎѓжќЊ)","Tue Oct 31 2023 11:00:00 GMT-0400 (сѓбсЃАсЃфсѓФТЮ▒жЃетцЈТЎѓжќЊ)","Wed Nov 01 2023 11:00:00 GMT-0400 (сѓбсЃАсЃфсѓФТЮ▒жЃетцЈТЎѓжќЊ)","Thu Nov 02 2023 11:00:00 GMT-0400 (сѓбсЃАсЃфсѓФТЮ▒жЃетцЈТЎѓжќЊ)","Fri Nov 03 2023 11:00:00 GMT-0400 (сѓбсЃАсЃфсѓФТЮ▒жЃетцЈТЎѓжќЊ)","Sat Nov 04 2023 11:00:00 GMT-0400 (сѓбсЃАсЃфсѓФТЮ▒жЃетцЈТЎѓжќЊ)","Sun Nov 05 2023 10:00:00 GMT-0500 (сѓбсЃАсЃфсѓФТЮ▒жЃеТеЎТ║ќТЎѓ)","Mon Nov 06 2023 10:00:00 GMT-0500 (сѓбсЃАсЃфсѓФТЮ▒жЃеТеЎТ║ќТЎѓ)","Tue Nov 07 2023 10:00:00 GMT-0500 (сѓбсЃАсЃфсѓФТЮ▒жЃеТеЎТ║ќТЎѓ)","Wed Nov 08 2023 10:00:00 GMT-0500 (сѓбсЃАсЃфсѓФТЮ▒жЃеТеЎТ║ќТЎѓ)","Thu Nov 09 2023 10:00:00 GMT-0500 (сѓбсЃАсЃфсѓФТЮ▒жЃеТеЎТ║ќТЎѓ)","Fri Nov 10 2023 10:00:00 GMT-0500 (сѓбсЃАсЃфсѓФТЮ▒жЃеТеЎТ║ќТЎѓ)","Sat Nov 11 2023 10:00:00 GMT-0500 (сѓбсЃАсЃфсѓФТЮ▒жЃеТеЎТ║ќТЎѓ)","Sun Nov 12 2023 10:00:00 GMT-0500 (сѓбсЃАсЃфсѓФТЮ▒жЃеТеЎТ║ќТЎѓ)","Mon Nov 13 2023 10:00:00 GMT-0500 (сѓбсЃАсЃфсѓФТЮ▒жЃеТеЎТ║ќТЎѓ)","Tue Nov 14 2023 10:00:00 GMT-0500 (сѓбсЃАсЃфсѓФТЮ▒жЃеТеЎТ║ќТЎѓ)","Wed Nov 15 2023 10:00:00 GMT-0500 (сѓбсЃАсЃфсѓФТЮ▒жЃеТеЎТ║ќТЎѓ)","Thu Nov 16 2023 10:00:00 GMT-0500 (сѓбсЃАсЃфсѓФТЮ▒жЃеТеЎТ║ќТЎѓ)","Fri Nov 17 2023 10:00:00 GMT-0500 (сѓбсЃАсЃфсѓФТЮ▒жЃеТеЎТ║ќТЎѓ)","Sat Nov 18 2023 10:00:00 GMT-0500 (сѓбсЃАсЃфсѓФТЮ▒жЃеТеЎТ║ќТЎѓ)","Sun Nov 19 2023 10:00:00 GMT-0500 (сѓбсЃАсЃфсѓФТЮ▒жЃеТеЎТ║ќТЎѓ)","Mon Nov 20 2023 10:00:00 GMT-0500 (сѓбсЃАсЃфсѓФТЮ▒жЃеТеЎТ║ќТЎѓ)","Tue Nov 21 2023 10:00:00 GMT-0500 (сѓбсЃАсЃфсѓФТЮ▒жЃеТеЎТ║ќТЎѓ)","Wed Nov 22 2023 10:00:00 GMT-0500 (сѓбсЃАсЃфсѓФТЮ▒жЃеТеЎТ║ќТЎѓ)","Thu Nov 23 2023 10:00:00 GMT-0500 (сѓбсЃАсЃфсѓФТЮ▒жЃеТеЎТ║ќТЎѓ)","Fri Nov 24 2023 10:00:00 GMT-0500 (сѓбсЃАсЃфсѓФТЮ▒жЃеТеЎТ║ќТЎѓ)","Sat Nov 25 2023 10:00:00 GMT-0500 (сѓбсЃАсЃфсѓФТЮ▒жЃеТеЎТ║ќТЎѓ)","Sun Nov 26 2023 10:00:00 GMT-0500 (сѓбсЃАсЃфсѓФТЮ▒жЃеТеЎТ║ќТЎѓ)","Mon Nov 27 2023 10:00:00 GMT-0500 (сѓбсЃАсЃфсѓФТЮ▒жЃеТеЎТ║ќТЎѓ)","Tue Nov 28 2023 10:00:00 GMT-0500 (сѓбсЃАсЃфсѓФТЮ▒жЃеТеЎТ║ќТЎѓ)","Wed Nov 29 2023 10:00:00 GMT-0500 (сѓбсЃАсЃфсѓФТЮ▒жЃеТеЎТ║ќТЎѓ)","Thu Nov 30 2023 10:00:00 GMT-0500 (сѓбсЃАсЃфсѓФТЮ▒жЃеТеЎТ║ќТЎѓ)","Fri Dec 01 2023 10:00:00 GMT-0500 (сѓбсЃАсЃфсѓФТЮ▒жЃеТеЎТ║ќТЎѓ)","Sat Dec 02 2023 10:00:00 GMT-0500 (сѓбсЃАсЃфсѓФТЮ▒жЃеТеЎТ║ќТЎѓ)","Sun Dec 03 2023 10:00:00 GMT-0500 (сѓбсЃАсЃфсѓФТЮ▒жЃеТеЎТ║ќТЎѓ)","Mon Dec 04 2023 10:00:00 GMT-0500 (сѓбсЃАсЃфсѓФТЮ▒жЃеТеЎТ║ќТЎѓ)","Tue Dec 05 2023 10:00:00 GMT-0500 (сѓбсЃАсЃфсѓФТЮ▒жЃеТеЎТ║ќТЎѓ)","Wed Dec 06 2023 10:00:00 GMT-0500 (сѓбсЃАсЃфсѓФТЮ▒жЃеТеЎТ║ќТЎѓ)","Thu Dec 07 2023 10:00:00 GMT-0500 (сѓбсЃАсЃфсѓФТЮ▒жЃеТеЎТ║ќТЎѓ)","Fri Dec 08 2023 10:00:00 GMT-0500 (сѓбсЃАсЃфсѓФТЮ▒жЃеТеЎТ║ќТЎѓ)","Sat Dec 09 2023 10:00:00 GMT-0500 (сѓбсЃАсЃфсѓФТЮ▒жЃеТеЎТ║ќТЎѓ)","Sun Dec 10 2023 10:00:00 GMT-0500 (сѓбсЃАсЃфсѓФТЮ▒жЃеТеЎТ║ќТЎѓ)","Mon Dec 11 2023 10:00:00 GMT-0500 (сѓбсЃАсЃфсѓФТЮ▒жЃеТеЎТ║ќТЎѓ)","Tue Dec 12 2023 10:00:00 GMT-0500 (сѓбсЃАсЃфсѓФТЮ▒жЃеТеЎТ║ќТЎѓ)","Wed Dec 13 2023 10:00:00 GMT-0500 (сѓбсЃАсЃфсѓФТЮ▒жЃеТеЎТ║ќТЎѓ)","Thu Dec 14 2023 10:00:00 GMT-0500 (сѓбсЃАсЃфсѓФТЮ▒жЃеТеЎТ║ќТЎѓ)","Fri Dec 15 2023 10:00:00 GMT-0500 (сѓбсЃАсЃфсѓФТЮ▒жЃеТеЎТ║ќТЎѓ)","Sat Dec 16 2023 10:00:00 GMT-0500 (сѓбсЃАсЃфсѓФТЮ▒жЃеТеЎТ║ќТЎѓ)","Sun Dec 17 2023 10:00:00 GMT-0500 (сѓбсЃАсЃфсѓФТЮ▒жЃеТеЎТ║ќТЎѓ)","Mon Dec 18 2023 10:00:00 GMT-0500 (сѓбсЃАсЃфсѓФТЮ▒жЃеТеЎТ║ќТЎѓ)","Tue Dec 19 2023 10:00:00 GMT-0500 (сѓбсЃАсЃфсѓФТЮ▒жЃеТеЎТ║ќТЎѓ)","Wed Dec 20 2023 10:00:00 GMT-0500 (сѓбсЃАсЃфсѓФТЮ▒жЃеТеЎТ║ќТЎѓ)","Thu Dec 21 2023 10:00:00 GMT-0500 (сѓбсЃАсЃфсѓФТЮ▒жЃеТеЎТ║ќТЎѓ)","Fri Dec 22 2023 10:00:00 GMT-0500 (сѓбсЃАсЃфсѓФТЮ▒жЃеТеЎТ║ќТЎѓ)","Sat Dec 23 2023 10:00:00 GMT-0500 (сѓбсЃАсЃфсѓФТЮ▒жЃеТеЎТ║ќТЎѓ)","Sun Dec 24 2023 10:00:00 GMT-0500 (сѓбсЃАсЃфсѓФТЮ▒жЃеТеЎТ║ќТЎѓ)","Mon Dec 25 2023 10:00:00 GMT-0500 (сѓбсЃАсЃфсѓФТЮ▒жЃеТеЎТ║ќТЎѓ)","Tue Dec 26 2023 10:00:00 GMT-0500 (сѓбсЃАсЃфсѓФТЮ▒жЃеТеЎТ║ќТЎѓ)","Wed Dec 27 2023 10:00:00 GMT-0500 (сѓбсЃАсЃфсѓФТЮ▒жЃеТеЎТ║ќТЎѓ)","Thu Dec 28 2023 10:00:00 GMT-0500 (сѓбсЃАсЃфсѓФТЮ▒жЃеТеЎТ║ќТЎѓ)","Fri Dec 29 2023 10:00:00 GMT-0500 (сѓбсЃАсЃфсѓФТЮ▒жЃеТеЎТ║ќТЎѓ)","Sat Dec 30 2023 10:00:00 GMT-0500 (сѓбсЃАсЃфсѓФТЮ▒жЃеТеЎТ║ќТЎѓ)","Sun Dec 31 2023 10:00:00 GMT-0500 (сѓбсЃАсЃфсѓФТЮ▒жЃеТеЎТ║ќТЎѓ)","Mon Jan 01 2024 10:00:00 GMT-0500 (сѓбсЃАсЃфсѓФТЮ▒жЃеТеЎТ║ќТЎѓ)","Tue Jan 02 2024 10:00:00 GMT-0500 (сѓбсЃАсЃфсѓФТЮ▒жЃеТеЎТ║ќТЎѓ)","Wed Jan 03 2024 10:00:00 GMT-0500 (сѓбсЃАсЃфсѓФТЮ▒жЃеТеЎТ║ќТЎѓ)","Thu Jan 04 2024 10:00:00 GMT-0500 (сѓбсЃАсЃфсѓФТЮ▒жЃеТеЎТ║ќТЎѓ)","Fri Jan 05 2024 10:00:00 GMT-0500 (сѓбсЃАсЃфсѓФТЮ▒жЃеТеЎТ║ќТЎѓ)","Sat Jan 06 2024 10:00:00 GMT-0500 (сѓбсЃАсЃфсѓФТЮ▒жЃеТеЎТ║ќТЎѓ)","Sun Jan 07 2024 10:00:00 GMT-0500 (сѓбсЃАсЃфсѓФТЮ▒жЃеТеЎТ║ќТЎѓ)","Mon Jan 08 2024 10:00:00 GMT-0500 (сѓбсЃАсЃфсѓФТЮ▒жЃеТеЎТ║ќТЎѓ)","Tue Jan 09 2024 10:00:00 GMT-0500 (сѓбсЃАсЃфсѓФТЮ▒жЃеТеЎТ║ќТЎѓ)","Wed Jan 10 2024 10:00:00 GMT-0500 (сѓбсЃАсЃфсѓФТЮ▒жЃеТеЎТ║ќТЎѓ)","Thu Jan 11 2024 10:00:00 GMT-0500 (сѓбсЃАсЃфсѓФТЮ▒жЃеТеЎТ║ќТЎѓ)","Fri Jan 12 2024 10:00:00 GMT-0500 (сѓбсЃАсЃфсѓФТЮ▒жЃеТеЎТ║ќТЎѓ)","Sat Jan 13 2024 10:00:00 GMT-0500 (сѓбсЃАсЃфсѓФТЮ▒жЃеТеЎТ║ќТЎѓ)","Sun Jan 14 2024 10:00:00 GMT-0500 (сѓбсЃАсЃфсѓФТЮ▒жЃеТеЎТ║ќТЎѓ)","Mon Jan 15 2024 10:00:00 GMT-0500 (сѓбсЃАсЃфсѓФТЮ▒жЃеТеЎТ║ќТЎѓ)","Tue Jan 16 2024 10:00:00 GMT-0500 (сѓбсЃАсЃфсѓФТЮ▒жЃеТеЎТ║ќТЎѓ)","Wed Jan 17 2024 10:00:00 GMT-0500 (сѓбсЃАсЃфсѓФТЮ▒жЃеТеЎТ║ќТЎѓ)","Thu Jan 18 2024 10:00:00 GMT-0500 (сѓбсЃАсЃфсѓФТЮ▒жЃеТеЎТ║ќТЎѓ)","Fri Jan 19 2024 10:00:00 GMT-0500 (сѓбсЃАсЃфсѓФТЮ▒жЃеТеЎТ║ќТЎѓ)","Sat Jan 20 2024 10:00:00 GMT-0500 (сѓбсЃАсЃфсѓФТЮ▒жЃеТеЎТ║ќТЎѓ)","Sun Jan 21 2024 10:00:00 GMT-0500 (сѓбсЃАсЃфсѓФТЮ▒жЃеТеЎТ║ќТЎѓ)","Mon Jan 22 2024 10:00:00 GMT-0500 (сѓбсЃАсЃфсѓФТЮ▒жЃеТеЎТ║ќТЎѓ)","Tue Jan 23 2024 10:00:00 GMT-0500 (сѓбсЃАсЃфсѓФТЮ▒жЃеТеЎТ║ќТЎѓ)","Wed Jan 24 2024 10:00:00 GMT-0500 (сѓбсЃАсЃфсѓФТЮ▒жЃеТеЎТ║ќТЎѓ)","Thu Jan 25 2024 10:00:00 GMT-0500 (сѓбсЃАсЃфсѓФТЮ▒жЃеТеЎТ║ќТЎѓ)","Fri Jan 26 2024 10:00:00 GMT-0500 (сѓбсЃАсЃфсѓФТЮ▒жЃеТеЎТ║ќТЎѓ)","Sat Jan 27 2024 10:00:00 GMT-0500 (сѓбсЃАсЃфсѓФТЮ▒жЃеТеЎТ║ќТЎѓ)","Sun Jan 28 2024 10:00:00 GMT-0500 (сѓбсЃАсЃфсѓФТЮ▒жЃеТеЎТ║ќТЎѓ)","Mon Jan 29 2024 10:00:00 GMT-0500 (сѓбсЃАсЃфсѓФТЮ▒жЃеТеЎТ║ќТЎѓ)","Tue Jan 30 2024 10:00:00 GMT-0500 (сѓбсЃАсЃфсѓФТЮ▒жЃеТеЎТ║ќТЎѓ)","Wed Jan 31 2024 10:00:00 GMT-0500 (сѓбсЃАсЃфсѓФТЮ▒жЃеТеЎТ║ќТЎѓ)","Thu Feb 01 2024 10:00:00 GMT-0500 (сѓбсЃАсЃфсѓФТЮ▒жЃеТеЎТ║ќТЎѓ)","Fri Feb 02 2024 10:00:00 GMT-0500 (сѓбсЃАсЃфсѓФТЮ▒жЃеТеЎТ║ќТЎѓ)","Sat Feb 03 2024 10:00:00 GMT-0500 (сѓбсЃАсЃфсѓФТЮ▒жЃеТеЎТ║ќТЎѓ)","Sun Feb 04 2024 10:00:00 GMT-0500 (сѓбсЃАсЃфсѓФТЮ▒жЃеТеЎТ║ќТЎѓ)","Mon Feb 05 2024 10:00:00 GMT-0500 (сѓбсЃАсЃфсѓФТЮ▒жЃеТеЎТ║ќТЎѓ)","Tue Feb 06 2024 10:00:00 GMT-0500 (сѓбсЃАсЃфсѓФТЮ▒жЃеТеЎТ║ќТЎѓ)","Wed Feb 07 2024 10:00:00 GMT-0500 (сѓбсЃАсЃфсѓФТЮ▒жЃеТеЎТ║ќТЎѓ)","Thu Feb 08 2024 10:00:00 GMT-0500 (сѓбсЃАсЃфсѓФТЮ▒жЃеТеЎТ║ќТЎѓ)","Fri Feb 09 2024 10:00:00 GMT-0500 (сѓбсЃАсЃфсѓФТЮ▒жЃеТеЎТ║ќТЎѓ)","Sat Feb 10 2024 10:00:00 GMT-0500 (сѓбсЃАсЃфсѓФТЮ▒жЃеТеЎТ║ќТЎѓ)","Sun Feb 11 2024 10:00:00 GMT-0500 (сѓбсЃАсЃфсѓФТЮ▒жЃеТеЎТ║ќТЎѓ)","Mon Feb 12 2024 10:00:00 GMT-0500 (сѓбсЃАсЃфсѓФТЮ▒жЃеТеЎТ║ќТЎѓ)","Tue Feb 13 2024 10:00:00 GMT-0500 (сѓбсЃАсЃфсѓФТЮ▒жЃеТеЎТ║ќТЎѓ)","Wed Feb 14 2024 10:00:00 GMT-0500 (сѓбсЃАсЃфсѓФТЮ▒жЃеТеЎТ║ќТЎѓ)","Thu Feb 15 2024 10:00:00 GMT-0500 (сѓбсЃАсЃфсѓФТЮ▒жЃеТеЎТ║ќТЎѓ)","Fri Feb 16 2024 10:00:00 GMT-0500 (сѓбсЃАсЃфсѓФТЮ▒жЃеТеЎТ║ќТЎѓ)","Sat Feb 17 2024 10:00:00 GMT-0500 (сѓбсЃАсЃфсѓФТЮ▒жЃеТеЎТ║ќТЎѓ)","Sun Feb 18 2024 10:00:00 GMT-0500 (сѓбсЃАсЃфсѓФТЮ▒жЃеТеЎТ║ќТЎѓ)","Mon Feb 19 2024 10:00:00 GMT-0500 (сѓбсЃАсЃфсѓФТЮ▒жЃеТеЎТ║ќТЎѓ)","Tue Feb 20 2024 10:00:00 GMT-0500 (сѓбсЃАсЃфсѓФТЮ▒жЃеТеЎТ║ќТЎѓ)","Wed Feb 21 2024 10:00:00 GMT-0500 (сѓбсЃАсЃфсѓФТЮ▒жЃеТеЎТ║ќТЎѓ)","Thu Feb 22 2024 10:00:00 GMT-0500 (сѓбсЃАсЃфсѓФТЮ▒жЃеТеЎТ║ќТЎѓ)","Fri Feb 23 2024 10:00:00 GMT-0500 (сѓбсЃАсЃфсѓФТЮ▒жЃеТеЎТ║ќТЎѓ)","Sat Feb 24 2024 10:00:00 GMT-0500 (сѓбсЃАсЃфсѓФТЮ▒жЃеТеЎТ║ќТЎѓ)","Sun Feb 25 2024 10:00:00 GMT-0500 (сѓбсЃАсЃфсѓФТЮ▒жЃеТеЎТ║ќТЎѓ)","Mon Feb 26 2024 10:00:00 GMT-0500 (сѓбсЃАсЃфсѓФТЮ▒жЃеТеЎТ║ќТЎѓ)","Tue Feb 27 2024 10:00:00 GMT-0500 (сѓбсЃАсЃфсѓФТЮ▒жЃеТеЎТ║ќТЎѓ)","Wed Feb 28 2024 10:00:00 GMT-0500 (сѓбсЃАсЃфсѓФТЮ▒жЃеТеЎТ║ќТЎѓ)","Thu Feb 29 2024 10:00:00 GMT-0500 (сѓбсЃАсЃфсѓФТЮ▒жЃеТеЎТ║ќТЎѓ)","Fri Mar 01 2024 10:00:00 GMT-0500 (сѓбсЃАсЃфсѓФТЮ▒жЃеТеЎТ║ќТЎѓ)","Sat Mar 02 2024 10:00:00 GMT-0500 (сѓбсЃАсЃфсѓФТЮ▒жЃеТеЎТ║ќТЎѓ)"
"","","","","","Тќ░С║║","У▒іућ░","","s#28СИГтц«т║Ѓта┤","","s#26сЃфсЃЊсЃ│сѓ░","(С╗«)s#27сѓхсЃљсЃ│сЃісЃ╗УЇњжЄј(2)","","","fсЂЊсЂ╝сѓїтѕє","","fуДІсЂЪсЂАсЂ«т«ХтцќУд│","","","","","","fуДІсЂЪсЂАсЂ«т«Х_т╗іСИІсђЂжџјТ«хсђЂсЃљсЃФсѓ│сЃІсЃ╝","","","fСИГтГдТаАтЅЇ","","","","","","","","","","","","","","","","","","","","","","","","","","","","","","","","","","","","","","","","","","","","","","","","","","","","","","","","","","","","","","","","","","","","","","","","","","","","","","","","","","","","","","","","","","","","","","","","","","","","","","","","","","","","","","","","","","","","","","","","","","","","","","","","","","","","","","","","","","","","","","","","","","","","","","","","","","","","","","","","","","","","","","","","","","","","","","","","","","","","","","","","","","","","","","","","","","","","","","","","","","","","","","","","","","","","","","","","","","",""
"","","","","","","memo","","","","","","","","","","","","","","","","","","","","","","","","","","","","","","","","","","","","","","","","","","","","","","","","","","","","","","","","","","","","","","","","","","","","","","","","","","","","","","","","","","","","","","","","","","","","","","","","","","","","","","","","","","","","","","","","","","","","","","","","","","","","","","","","","","","","","","","","","","","","","","","","","","","","","","","","","","","","","","","","","","","","","","","","","","","","","","","","","","","","","","","","","","","","","","","","","","","","","","","","","","","","","","","","","","","","","","","","","","","","","","","","","","","","","","","","","","","","","",""
"","","","","","Тќ░С║║","ТИЁТ░┤","#26сѓбсѓИсЃѕ","","","s#27тиЮТ▓┐сЂёсЂ«жЂЊсђЂТЎѓУеѕтЈ░сЂ«т╗║уЅЕ2ТЌЦтѕє","","","","С╗«#26тІЋуЅЕтюњ","","(С╗«)s#27сѓцсЃ╝сЃЄсЃ│ТаАТЋитю░тєЁсЃ╗тиЮ2ТЌЦтѕє(6)","","","","","wbk#1_№╝ЊD","","","","","","","","","","№йЌ№╝Ѓ1сЃЮсЃѕсѓ╣","","","","","","","","","","","","","","","","","","","","","","","","","","","","","","","","","","","","","","","","","","","","","","","","","","","","","","","","","","","","","","","","","","","","","","","","","","","","","","","","","","","","","","","","","","","","","","","","","","","","","","","","","","","","","","","","","","","","","","","","","","","","","","","","","","","","","","","","","","","","","","","","","","","","","","","","","","","","","","","","","","","","","","","","","","","","","","","","","","","","","","","","","","","","","","","","","","","","","","","","","","","","","","","","","","","","",""
"","","","","","","memo","","","","","","","","","","","","","","","","","","","","","","","","","­ЪЉєТЋ░ТЌЦтЙїсѓЇтђњсЂЌтЈ»УЃй","","","","","","","","","","","","","","","","","","","","","","","","","","","","","","","","","","","","","","","","","","","","","","","","","","","","","","","","","","","","","","","","","","","","","","","","","","","","","","","","","","","","","","","","","","","","","","","","","","","","","","","","","","","","","","","","","","","","","","","","","","","","","","","","","","","","","","","","","","","","","","","","","","","","","","","","","","","","","","","","","","","","","","","","","","","","","","","","","","","","","","","","","","","","","","","","","","","","","","","","","","","","","","","","","","","","",""
"","","","","","Тќ░С║║","т░ЈтХІ","#26сЃђсѓ»сЃѕ","#34жђ▓УАїУАеСйюТѕљ","#26сЃгсѓ╣сЃѕсЃЕсЃ│","","","","","","","Рђ╗тјЪтЏ│жЂЁсЂІсЂБсЂЪсѓЅт╗іСИІТИАсЂЎ","","","","","(С╗«)s#27сЃюсЃФсЃ│уцЙсЃ╗тцќУд│2ТЌЦтЇітѕє","","","#26сЃгсѓ╣сЃѕсЃЕсЃ│т╗іСИІ","","","","","","","","","","","","","","","","","","","","","","","","","","","","","","","","","","","","","","","","","","","","","","","","","","","","","","","","","","","","","","","","","","","","","","","","","","","","","","","","","","","","","","","","","","","","","","","","","","","","","","","","","","","","","","","","","","","","","","","","","","","","","","","","","","","","","","","","","","","","","","","","","","","","","","","","","","","","","","","","","","","","","","","","","","","","","","","","","","","","","","","","","","","","","","","","","","","","","","","","","","","","","","","","","","","","","","","","","","","",""
"","","","","","","memo","","","","","","","","","","","","","","","","","","","­ЪЉєСйюТЦГсЂЊсЂ╝сѓїсѓІсЂІсѓѓ","","","","","","","","","","","","","","","","","","","","","","","","","","","","","","","","","","","","","","","","","","","","","","","","","","","","","","","","","","","","","","","","","","","","","","","","","","","","","","","","","","","","","","","","","","","","","","","","","","","","","","","","","","","","","","","","","","","","","","","","","","","","","","","","","","","","","","","","","","","","","","","","","","","","","","","","","","","","","","","","","","","","","","","","","","","","","","","","","","","","","","","","","","","","","","","","","","","","","","","","","","","","","","","","","","","","","","","","","","",""
"","","","","","S#31УБю","тјЪ","","","","","","WBK#1_тЙїУЌцт«Х_тцќУд│","","","","","","","","","","","","","","","","","","","","WBK#1_тЙїУЌцт«Х_тцќУд│","","","","","","","","","","","","","","","","","","","","","","","","","","","","","","","","","","","","","","","","","","","","","","","","","","","","","","","","","","","","","","","","","","","","","","","","","","","","","","","","","","","","","","","","","","","","","","","","","","","","","","","","","","","","","","","","","","","","","","","","","","","","","","","","","","","","","","","","","","","","","","","","","","","","","","","","","","","","","","","","","","","","","","","","","","","","","","","","","","","","","","","","","","","","","","","","","","","","","","","","","","","","","","","","","","","",""
"","","","","","","memo","","","","","","","","","","","","","","","","","","","","","","","","","","","","","","","","","","","","","","","","","","","","","","","","","","","","","","","","","","","","","","","","","","","","","","","","","","","","","","","","","","","","","","","","","","","","","","","","","","","","","","","","","","","","","","","","","","","","","","","","","","","","","","","","","","","","","","","","","","","","","","","","","","","","","","","","","","","","","","","","","","","","","","","","","","","","","","","","","","","","","","","","","","","","","","","","","","","","","","","","","","","","","","","","","","","","","","","","","","","","","","","","","","","","","","","","","","","","","",""
"","","","","","w#1УБю","С║ЋСИі","","","","","","","","","","","","","","","","","","","","","","","","","","","","","","","","","","","","","","","","","","","","","","","","","","","","","","","","","","","","","","","","","","","","","","","","","","","","","","","","","","","","","","","","","","","","","","","","","","","","","","","","","","","","","","","","","","","","","","","","","","","","","","","","","","","","","","","","","","","","","","","","","","","","","","","","","","","","","","","","","","","","","","","","","","","","","","","","","","","","","","","","","","","","","","","","","","","","","","","","","","","","","","","","","","","","","","","","","","","","","","","","","","","","","","","","","","","","","",""
"","","","","","","memo","","","","","","","","","","","","","","","","","","","","","","","","","","","","","","","","","","","","","","","","","","","","","","","","","","","","","","","","","","","","","","","","","","","","","","","","","","","","","","","","","","","","","","","","","","","","","","","","","","","","","","","","","","","","","","","","","","","","","","","","","","","","","","","","","","","","","","","","","","","","","","","","","","","","","","","","","","","","","","","","","","","","","","","","","","","","","","","","","","","","","","","","","","","","","","","","","","","","","","","","","","","","","","","","","","","","","","","","","","","","","","","","","","","","","","","","","","","","","",""
"","","","","","","ТбеУЈ»","","","","","","","","","","","","","","","","","","","","","","","","","","","","","","","","","","","","","","","","","","","","","","","","","","","","","","","","","","","","","","","","","","","","","","","","","","","","","","","","","","","","","","","","","","","","","","","","","","","","","","","","","","","","","","","","","","","","","","","","","","","","","","","","","","","","","","","","","","","","","","","","","","","","","","","","","","","","","","","","","","","","","","","","","","","","","","","","","","","","","","","","","","","","","","","","","","","","","","","","","","","","","","","","","","","","","","","","","","","","","","","","","","","","","","","","","","","","","",""
"","","","","","","memo","","","","","","","","","","","","","","","","","","","","","","","","","","","","","","","","","","","","","","","","","","","","","","","","","","","","","","","","","","","","","","","","","","","","","","","","","","","","","","","","","","","","","","","","","","","","","","","","","","","","","","","","","","","","","","","","","","","","","","","","","","","","","","","","","","","","","","","","","","","","","","","","","","","","","","","","","","","","","","","","","","","","","","","","","","","","","","","","","","","","","","","","","","","","","","","","","","","","","","","","","","","","","","","","","","","","","","","","","","","","","","","","","","","","","","","","","","","","","",""
"","","","w#2ТІЁ","w#1ТІЁ","wуЙјуЏБ","т«ѕт«Ѕ","","","","","","","","","","","","","","","","","","","","","","","","","","","","","","","","","","","","","","","","","","","","","","","","","","","","","","","","","","","","","","","","","","","","","","","","","","","","","","","","","","","","","","","","","","","","","","","","","","","","","","","","","","","","","","","","","","","","","","","","","","","","","","","","","","","","","","","","","","","","","","","","","","","","","","","","","","","","","","","","","","","","","","","","","","","","","","","","","","","","","","","","","","","","","","","","","","","","","","","","","","","","","","","","","","","","","","","","","","","","","","","","","","","","","","","","","","","","","",""
"","","","","","F_№╝ЊD","memo","","","","","","","","","","","","","","","","","","","","","","","","","","","","","","","","","","","","","","","","","","","","","","","","","","","","","","","","","","","","","","","","","","","","","","","","","","","","","","","","","","","","","","","","","","","","","","","","","","","","","","","","","","","","","","","","","","","","","","","","","","","","","","","","","","","","","","","","","","","","","","","","","","","","","","","","","","","","","","","","","","","","","","","","","","","","","","","","","","","","","","","","","","","","","","","","","","","","","","","","","","","","","","","","","","","","","","","","","","","","","","","","","","","","","","","","","","","","","",""
"","","","","","FуЙјуЏБ","т░ЈТЪЈ","","","","","","","","","","","","","","","","","","","","","","","","","","","","","","","","","","","","","","","","","","","","","","","","","","","","","","","","","","","","","","","","","","","","","","","","","","","","","","","","","","","","","","","","","","","","","","","","","","","","","","","","","","","","","","","","","","","","","","","","","","","","","","","","","","","","","","","","","","","","","","","","","","","","","","","","","","","","","","","","","","","","","","","","","","","","","","","","","","","","","","","","","","","","","","","","","","","","","","","","","","","","","","","","","","","","","","","","","","","","","","","","","","","","","","","","","","","","","",""
"","","","","","","memo","","","","","","","","","","","","","","","","","","","","","","","","","","","","","","","","","","","","","","","","","","","","","","","","","","","","","","","","","","","","","","","","","","","","","","","","","","","","","","","","","","","","","","","","","","","","","","","","","","","","","","","","","","","","","","","","","","","","","","","","","","","","","","","","","","","","","","","","","","","","","","","","","","","","","","","","","","","","","","","","","","","","","","","","","","","","","","","","","","","","","","","","","","","","","","","","","","","","","","","","","","","","","","","","","","","","","","","","","","","","","","","","","","","","","","","","","","","","","",""
"","","","","","S#31ТІЁ","сЃфсЃ│","","","","","","","","","","","","","","","","","","","","","","","","","","","","","","","","","","","","","","","","","","","","","","","","","","","","","","","","","","","","","","","","","","","","","","","","","","","","","","","","","","","","","","","","","","","","","","","","","","","","","","","","","","","","","","","","","","","","","","","","","","","","","","","","","","","","","","","","","","","","","","","","","","","","","","","","","","","","","","","","","","","","","","","","","","","","","","","","","","","","","","","","","","","","","","","","","","","","","","","","","","","","","","","","","","","","","","","","","","","","","","","","","","","","","","","","","","","","","",""
"","","","","","","memo","","","","","","","","","","","","","","","","","","","","","","","","","","","","","","","","","","","","","","","","","","","","","","","","","","","","","","","","","","","","","","","","","","","","","","","","","","","","","","","","","","","","","","","","","","","","","","","","","","","","","","","","","","","","","","","","","","","","","","","","","","","","","","","","","","","","","","","","","","","","","","","","","","","","","","","","","","","","","","","","","","","","","","","","","","","","","","","","","","","","","","","","","","","","","","","","","","","","","","","","","","","","","","","","","","","","","","","","","","","","","","","","","","","","","","","","","","","","","",""
"","","","","","SуЙјуЏБ","сЂ┐сЂфсЂ┐","","","","","","","","","","","","","","","","","","","","","","","","","","","","","","","","","","","","","","","","","","","","","","","","","","","","","","","","","","","","","","","","","","","","","","","","","","","","","","","","","","","","","","","","","","","","","","","","","","","","","","","","","","","","","","","","","","","","","","","","","","","","","","","","","","","","","","","","","","","","","","","","","","","","","","","","","","","","","","","","","","","","","","","","","","","","","","","","","","","","","","","","","","","","","","","","","","","","","","","","","","","","","","","","","","","","","","","","","","","","","","","","","","","","","","","","","","","","","",""
"","","","","","","memo","","","","","","","","","","","","","","","","","","","","","","","","","","","","","","","","","","","","","","","","","","","","","","","","","","","","","","","","","","","","","","","","","","","","","","","","","","","","","","","","","","","","","","","","","","","","","","","","","","","","","","","","","","","","","","","","","","","","","","","","","","","","","","","","","","","","","","","","","","","","","","","","","","","","","","","","","","","","","","","","","","","","","","","","","","","","","","","","","","","","","","","","","","","","","","","","","","","","","","","","","","","","","","","","","","","","","","","","","","","","","","","","","","","","","","","","","","","","","",""
"","","","","","","","","","","","","","","","","","","","","","","","","","","","","","","","","","","","","","","","","","","","","","","","","","","","","","","","","","","","","","","","","","","","","","","","","","","","","","","","","","","","","","","","","","","","","","","","","","","","","","","","","","","","","","","","","","","","","","","","","","","","","","","","","","","","","","","","","","","","","","","","","","","","","","","","","","","","","","","","","","","","","","","","","","","","","","","","","","","","","","","","","","","","","","","","","","","","","","","","","","","","","","","","","","","","","","","","","","","","","","","","","","","","","","","","","","","","","","","","","","","","",""
"","","","","","","","","","","","","","","","","","","","","","","","","","","","","","","","","","","","","","","","","","","","","","","","","","","","","","","","","","","","","","","","","","","","","","","","","","","","","","","","","","","","","","","","","","","","","","","","","","","","","","","","","","","","","","","","","","","","","","","","","","","","","","","","","","","","","","","","","","","","","","","","","","","","","","","","","","","","","","","","","","","","","","","","","","","","","","","","","","","","","","","","","","","","","","","","","","","","","","","","","","","","","","","","","","","","","","","","","","","","","","","","","","","","","","","","","","","","","","","","","","","","",""
"С╗ќуцЙсЃўсЃФсЃЌ","","","","","","","","","","","","","","","","","","","","","","","","","","","","","","","","","","","","","","","","","","","","","","","","","","","","","","","","","","","","","","","","","","","","","","","","","","","","","","","","","","","","","","","","","","","","","","","","","","","","","","","","","","","","","","","","","","","","","","","","","","","","","","","","","","","","","","","","","","","","","","","","","","","","","","","","","","","","","","","","","","","","","","","","","","","","","","","","","","","","","","","","","","","","","","","","","","","","","","","","","","","","","","","","","","","","","","","","","","","","","","","","","","","","","","","","","","","","","","","","","","","",""
"","","","","","","AуцЙ","w#1тЋєт║ЌУАЌ_тЅЇтЇі","","","","","","","","","","","","","","","","","","","","","","","","","","","","","","","","","","","","","","","","","","","","","","","","","","","","","","","","","","","","","","","","","","","","","","","","","","","","","","","","","","","","","","","","","","","","","","","","","","","","","","","","","","","","","","","","","","","","","","","","","","","","","","","","","","","","","","","","","","","","","","","","","","","","","","","","","","","","","","","","","","","","","","","","","","","","","","","","","","","","","","","","","","","","","","","","","","","","","","","","","","","","","","","","","","","","","","","","","","","","","","","","","","","","","","","","","","","","",""
"","","","","","","memo","","","","","","","","","","","","","","","","","","","","","","","","","","","","","","","","","","","","","","","","","","","","","","","","","","","","","","","","","","","","","","","","","","","","","","","","","","","","","","","","","","","","","","","","","","","","","","","","","","","","","","","","","","","","","","","","","","","","","","","","","","","","","","","","","","","","","","","","","","","","","","","","","","","","","","","","","","","","","","","","","","","","","","","","","","","","","","","","","","","","","","","","","","","","","","","","","","","","","","","","","","","","","","","","","","","","","","","","","","","","","","","","","","","","","","","","","","","","","",""
"","","","","","","AуцЙ","w#1сѓ╣сЃ╝сЃЉсЃ╝","","","","","","","","","","","","","","","","","","","","","","","","","","","","","","","","","","","","","","","","","","","","","","","","","","","","","","","","","","","","","","","","","","","","","","","","","","","","","","","","","","","","","","","","","","","","","","","","","","","","","","","","","","","","","","","","","","","","","","","","","","","","","","","","","","","","","","","","","","","","","","","","","","","","","","","","","","","","","","","","","","","","","","","","","","","","","","","","","","","","","","","","","","","","","","","","","","","","","","","","","","","","","","","","","","","","","","","","","","","","","","","","","","","","","","","","","","","","",""
"","","","","","","memo","","","","","","","","","","","","","","","","","","","","","","","","","","","","","","","","","","","","","","","","","","","","","","","","","","","","","","","","","","","","","","","","","","","","","","","","","","","","","","","","","","","","","","","","","","","","","","","","","","","","","","","","","","","","","","","","","","","","","","","","","","","","","","","","","","","","","","","","","","","","","","","","","","","","","","","","","","","","","","","","","","","","","","","","","","","","","","","","","","","","","","","","","","","","","","","","","","","","","","","","","","","","","","","","","","","","","","","","","","","","","","","","","","","","","","","","","","","","","",""
"","","","","","","BуцЙ","","","","","","","","","","","","","","","","","","","","","","","","","","","","","","","","","","","","","","","","","","","","","","","","","","","","","","","","","","","","","","","","","","","","","","","","","","","","","","","","","","","","","","","","","","","","","","","","","","","","","","","","","","","","","","","","","","","","","","","","","","","","","","","","","","","","","","","","","","","","","","","","","","","","","","","","","","","","","","","","","","","","","","","","","","","","","","","","","","","","","","","","","","","","","","","","","","","","","","","","","","","","","","","","","","","","","","","","","","","","","","","","","","","","","","","","","","","","","",""
"","","","","","","memo","","","","","","","","","","","","","","","","","","","","","","","","","","","","","","","","","","","","","","","","","","","","","","","","","","","","","","","","","","","","","","","","","","","","","","","","","","","","","","","","","","","","","","","","","","","","","","","","","","","","","","","","","","","","","","","","","","","","","","","","","","","","","","","","","","","","","","","","","","","","","","","","","","","","","","","","","","","","","","","","","","","","","","","","","","","","","","","","","","","","","","","","","","","","","","","","","","","","","","","","","","","","","","","","","","","","","","","","","","","","","","","","","","","","","","","","","","","","","",""
"С╗ЦСИІсЃЋсЃфсЃ╝сѓ╣сЂ║сЃ╝сѓ╣","","","","","","","","","","","","","","","","","","","","","","","","","","","","","","","","","","","","","","","","","","","","","","","","","","","","","","","","","","","","","","","","","","","","","","","","","","","","","","","","","","","","","","","","","","","","","","","","","","","","","","","","","","","","","","","","","","","","","","","","","","","","","","","","","","","","","","","","","","","","","","","","","","","","","","","","","","","","","","","","","","","","","","","","","","","","","","","","","","","","","","","","","","","","","","","","","","","","","","","","","","","","","","","","","","","","","","","","","","","","","","","","","","","","","","","","","","","","","","","","","","","",""
"","","","","","","","","","","","","","","","","","","","","","","wbk#1тиЦТЋ░08/02уЈЙтюесђђ9~10ТюѕсЂёсЂБсЂ▒сЂёсЂ«СйюТЦГС║ѕт«џ","","","","","","","","","","","","","","","","","","","","","","","","","","","","","","","","","","","","","","","","","","","","","","","","","","","","","","","","","","","","","","","","","","","","","","","","","","","","","","","","","","","","","","","","","","","","","","","","","","","","","","","","","","","","","","","","","","","","","","","","","","","","","","","","","","","","","","","","","","","","","","","","","","","","","","","","","","","","","","","","","","","","","","","","","","","","","","","","","","","","","","","","","","","","","","","","","","","","","","","","","","","","","","","","","","","","","","","","","","","","","",""
"","","","","","","","","","","","","","","","","","","","","","","сѓцсЃАсЃ╝сѓИуЕ║жќЊ","","","","","","","","","","","","","","","","","","","","","","","","","","","","","","","","","","","","","","","","","","","","","","","","","","","","","","","","","","","","","","","","","","","","","","","","","","","","","","","","","","","","","","","","","","","","","","","","","","","","","","","","","","","","","","","","","","","","","","","","","","","","","","","","","","","","","","","","","","","","","","","","","","","","","","","","","","","","","","","","","","","","","","","","","","","","","","","","","","","","","","","","","","","","","","","","","","","","","","","","","","","","","","","","","","","","","","","","","","","","","",""
"","","","","","","","","","","","","","","","","","","","","","","ТАюсЂ«жЃет▒І","","","","","","","","","","","","","","","","","","","","","","","","","","","","","","","","","","","","","","","","","","","","","","","","","","","","","","","","","","","","","","","","","","","","","","","","","","","","","","","","","","","","","","","","","","","","","","","","","","","","","","","","","","","","","","","","","","","","","","","","","","","","","","","","","","","","","","","","","","","","","","","","","","","","","","","","","","","","","","","","","","","","","","","","","","","","","","","","","","","","","","","","","","","","","","","","","","","","","","","","","","","","","","","","","","","","","","","","","","","","","",""
"","","","","","","","","","","","","","","","","","","","","","","тЋєт║ЌУАЌ_тЅЇтЇі","","","","","","","","","","","","","","","","","","","","","","","","","","","","","","","","","","","","","","","","","","","","","","","","","","","","","","","","","","","","","","","","","","","","","","","","","","","","","","","","","","","","","","","","","","","","","","","","","","","","","","","","","","","","","","","","","","","","","","","","","","","","","","","","","","","","","","","","","","","","","","","","","","","","","","","","","","","","","","","","","","","","","","","","","","","","","","","","","","","","","","","","","","","","","","","","","","","","","","","","","","","","","","","","","","","","","","","","","","","","","",""
"","","","","","","","","","","","","","","","","","","","","","","тЋєт║ЌУАЌ_тЙїтЇі","","","","","","","","","","","","","","","","","","","","","","","","","","","","","","","","","","","","","","","","","","","","","","","","","","","","","","","","","","","","","","","","","","","","","","","","","","","","","","","","","","","","","","","","","","","","","","","","","","","","","","","","","","","","","","","","","","","","","","","","","","","","","","","","","","","","","","","","","","","","","","","","","","","","","","","","","","","","","","","","","","","","","","","","","","","","","","","","","","","","","","","","","","","","","","","","","","","","","","","","","","","","","","","","","","","","","","","","","","","","","",""
"","","","","","","","","","","","","","","","","","","","","","","тЋєт║ЌУАЌ_тЙїтЇі_сѓ«сЃБсЃЕсЃфсЃ╝IN","","","","","","","","","","","","","","","","","","","","","","","","","","","","","","","","","","","","","","","","","","","","","","","","","","","","","","","","","","","","","","","","","","","","","","","","","","","","","","","","","","","","","","","","","","","","","","","","","","","","","","","","","","","","","","","","","","","","","","","","","","","","","","","","","","","","","","","","","","","","","","","","","","","","","","","","","","","","","","","","","","","","","","","","","","","","","","","","","","","","","","","","","","","","","","","","","","","","","","","","","","","","","","","","","","","","","","","","","","","","","",""
"","","","","","","","","","","","","","","","","","","","","","","сѓ╣сЃ╝сЃЉсЃ╝","","","","","","","","","","","","","","","","","","","","","","","","","","","","","","","","","","","","","","","","","","","","","","","","","","","","","","","","","","","","","","","","","","","","","","","","","","","","","","","","","","","","","","","","","","","","","","","","","","","","","","","","","","","","","","","","","","","","","","","","","","","","","","","","","","","","","","","","","","","","","","","","","","","","","","","","","","","","","","","","","","","","","","","","","","","","","","","","","","","","","","","","","","","","","","","","","","","","","","","","","","","","","","","","","","","","","","","","","","","","","",""
"","","","","","","","","","","","","","","","","","","","","","","сЃЮсЃѕсѓ╣","","","","","","","","","","","","","","","","","","","","","","","","","","","","","","","","","","","","","","","","","","","","","","","","","","","","","","","","","","","","","","","","","","","","","","","","","","","","","","","","","","","","","","","","","","","","","","","","","","","","","","","","","","","","","","","","","","","","","","","","","","","","","","","","","","","","","","","","","","","","","","","","","","","","","","","","","","","","","","","","","","","","","","","","","","","","","","","","","","","","","","","","","","","","","","","","","","","","","","","","","","","","","","","","","","","","","","","","","","","","","",""
"","","","","","","","","","","","","","","","","","","","","","","","","","","","","","","","","","","","","","","","","","","","","","","","","","","","","","","","","","","","","","","","","","","","","","","","","","","","","","","","","","","","","","","","","","","","","","","","","","","","","","","","","","","","","","","","","","","","","","","","","","","","","","","","","","","","","","","","","","","","","","","","","","","","","","","","","","","","","","","","","","","","","","","","","","","","","","","","","","","","","","","","","","","","","","","","","","","","","","","","","","","","","","","","","","","","","","","","","","","","","","","","","","","","","","","","","","","","","","","","","","","","",""
"","","","","","","","","","","","","","","","","","","","","","","","","","","","","","","","","","","","","","","","","","","","","","","","","","","","","","","","","","","","","","","","","","","","","","","","","","","","","","","","","","","","","","","","","","","","","","","","","","","","","","","","","","","","","","","","","","","","","","","","","","","","","","","","","","","","","","","","","","","","","","","","","","","","","","","","","","","","","","","","","","","","","","","","","","","","","","","","","","","","","","","","","","","","","","","","","","","","","","","","","","","","","","","","","","","","","","","","","","","","","","","","","","","","","","","","","","","","","","","","","","","","",""
"","","","","","","","","","","","","","","","","","","","","","","","","","","","","","","","","","","","","","","","","","","","","","","","","","","","","","","","","","","","","","","","","","","","","","","","","","","","","","","","","","","","","","","","","","","","","","","","","","","","","","","","","","","","","","","","","","","","","","","","","","","","","","","","","","","","","","","","","","","","","","","","","","","","","","","","","","","","","","","","","","","","","","","","","","","","","","","","","","","","","","","","","","","","","","","","","","","","","","","","","","","","","","","","","","","","","","","","","","","","","","","","","","","","","","","","","","","","","","","","","","","","",""
"","","","","","","","","","","","","","","","","","","","","","","","","","","","","","","","","","","","","","","","","","","","","","","","","","","","","","","","","","","","","","","","","","","","","","","","","","","","","","","","","","","","","","","","","","","","","","","","","","","","","","","","","","","","","","","","","","","","","","","","","","","","","","","","","","","","","","","","","","","","","","","","","","","","","","","","","","","","","","","","","","","","","","","","","","","","","","","","","","","","","","","","","","","","","","","","","","","","","","","","","","","","","","","","","","","","","","","","","","","","","","","","","","","","","","","","","","","","","","","","","","","","",""
"","","","","","","","","","","","","","","","","","","","","","","","","","","","","","","","","","","","","","","","","","","","","","","","","","","","","","","","","","","","","","","","","","","","","","","","","","","","","","","","","","","","","","","","","","","","","","","","","","","","","","","","","","","","","","","","","","","","","","","","","","","","","","","","","","","","","","","","","","","","","","","","","","","","","","","","","","","","","","","","","","","","","","","","","","","","","","","","","","","","","","","","","","","","","","","","","","","","","","","","","","","","","","","","","","","","","","","","","","","","","","","","","","","","","","","","","","","","","","","","","","","","",""
"С╗ЦСИІсЃЄсЃ╝сѓ┐ућесѓ╣сЃџсЃ╝сѓ╣","","","","","","","","","","","","","","","","","","","","","","","","","","","","","","","","","","","","","","","","","","","","","","","","","","","","","","","","","","","","","","","","","","","","","","","","","","","","","","","","","","","","","","","","","","","","","","","","","","","","","","","","","","","","","","","","","","","","","","","","","","","","","","","","","","","","","","","","","","","","","","","","","","","","","","","","","","","","","","","","","","","","","","","","","","","","","","","","","","","","","","","","","","","","","","","","","","","","","","","","","","","","","","","","","","","","","","","","","","","","","","","","","","","","","","","","","","","","","","","","","","","",""
"","","","","","","","","","","","","","","","","","","","","","","","","","","","","","","","","","","","","","","","","","","","","","","","","","","","","","","","","","","","","","","","","","","","","","","","","","","","","","","","","","","","","","","","","","","","","","","","","","","","","","","","","","","","","","","","","","","","","","","","","","","","","","","","","","","","","","","","","","","","","","","","","","","","","","","","","","","","","","","","","","","","","","","","","","","","","","","","","","","","","","","","","","","","","","","","","","","","","","","","","","","","","","","","","","","","","","","","","","","","","","","","","","","","","","","","","","","","","","","","","","","","",""
"","","","","","","","","","","","","","","","","","","","","","","","","","","","","","","","","","","","","","","","","","","","","","","","","","","","","","","","","","","","","","","","","","","","","","","","","","","","","","","","","","","","","","","","","","","","","","","","","","","","","","","","","","","","","","","","","","","","","","","","","","","","","","","","","","","","","","","","","","","","","","","","","","","","","","","","","","","","","","","","","","","","","","","","","","","","","","","","","","","","","","","","","","","","","","","","","","","","","","","","","","","","","","","","","","","","","","","","","","","","","","","","","","","","","","","","","","","","","","","","","","","","",""
"","","","","","","","","","","","","","","","","","","","","","","","","","","","","","","","","","","","","","","","","","","","","","","","","","","","","","","","","","","","","","","","","","","","","","","","","","","","","","","","","","","","","","","","","","","","","","","","","","","","","","","","","","","","","","","","","","","","","","","","","","","","","","","","","","","","","","","","","","","","","","","","","","","","","","","","","","","","","","","","","","","","","","","","","","","","","","","","","","","","","","","","","","","","","","","","","","","","","","","","","","","","","","","","","","","","","","","","","","","","","","","","","","","","","","","","","","","","","","","","","","","","",""
"","","","","","","","","","","","","","","","","","","","","","","","","","","","","","","","","","","","","","","","","","","","","","","","","","","","","","","","","","","","","","","","","","","","","","","","","","","","","","","","","","","","","","","","","","","","","","","","","","","","","","","","","","","","","","","","","","","","","","","","","","","","","","","","","","","","","","","","","","","","","","","","","","","","","","","","","","","","","","","","","","","","","","","","","","","","","","","","","","","","","","","","","","","","","","","","","","","","","","","","","","","","","","","","","","","","","","","","","","","","","","","","","","","","","","","","","","","","","","","","","","","","",""
"","","","","","","","","","","","","","","","","","","","","","","","","","","","","","","","","","","","","","","","","","","","","","","","","","","","","","","","","","","","","","","","","","","","","","","","","","","","","","","","","","","","","","","","","","","","","","","","","","","","","","","","","","","","","","","","","","","","","","","","","","","","","","","","","","","","","","","","","","","","","","","","","","","","","","","","","","","","","","","","","","","","","","","","","","","","","","","","","","","","","","","","","","","","","","","","","","","","","","","","","","","","","","","","","","","","","","","","","","","","","","","","","","","","","","","","","","","","","","","","","","","","",""
"","","","","","","","","","","","","","","","","","","","","","","","","","","","","","","","","","","","","","","","","","","","","","","","","","","","","","","","","","","","","","","","","","","","","","","","","","","","","","","","","","","","","","","","","","","","","","","","","","","","","","","","","","","","","","","","","","","","","","","","","","","","","","","","","","","","","","","","","","","","","","","","","","","","","","","","","","","","","","","","","","","","","","","","","","","","","","","","","","","","","","","","","","","","","","","","","","","","","","","","","","","","","","","","","","","","","","","","","","","","","","","","","","","","","","","","","","","","","","","","","","","","",""
"","","","","","","","","","","","","","","","","","","","","","","","","","","","","","","","","","","","","","","","","","","","","","","","","","","","","","","","","","","","","","","","","","","","","","","","","","","","","","","","","","","","","","","","","","","","","","","","","","","","","","","","","","","","","","","","","","","","","","","","","","","","","","","","","","","","","","","","","","","","","","","","","","","","","","","","","","","","","","","","","","","","","","","","","","","","","","","","","","","","","","","","","","","","","","","","","","","","","","","","","","","","","","","","","","","","","","","","","","","","","","","","","","","","","","","","","","","","","","","","","","","","",""
"","","","","","","","","","","","","","","","","","","","","","","","","","","","","","","","","","","","","","","","","","","","","","","","","","","","","","","","","","","","","","","","","","","","","","","","","","","","","","","","","","","","","","","","","","","","","","","","","","","","","","","","","","","","","","","","","","","","","","","","","","","","","","","","","","","","","","","","","","","","","","","","","","","","","","","","","","","","","","","","","","","","","","","","","","","","","","","","","","","","","","","","","","","","","","","","","","","","","","","","","","","","","","","","","","","","","","","","","","","","","","","","","","","","","","","","","","","","","","","","","","","","",""
"","","","","","","","","","","","","","","","","","","","","","","","","","","","","","","","","","","","","","","","","","","","","","","","","","","","","","","","","","","","","","","","","","","","","","","","","","","","","","","","","","","","","","","","","","","","","","","","","","","","","","","","","","","","","","","","","","","","","","","","","","","","","","","","","","","","","","","","","","","","","","","","","","","","","","","","","","","","","","","","","","","","","","","","","","","","","","","","","","","","","","","","","","","","","","","","","","","","","","","","","","","","","","","","","","","","","","","","","","","","","","","","","","","","","","","","","","","","","","","","","","","","",""
"","","","","","","","","","","","","","","","","","","","","","","","","","","","","","","","","","","","","","","","","","","","","","","","","","","","","","","","","","","","","","","","","","","","","","","","","","","","","","","","","","","","","","","","","","","","","","","","","","","","","","","","","","","","","","","","","","","","","","","","","","","","","","","","","","","","","","","","","","","","","","","","","","","","","","","","","","","","","","","","","","","","","","","","","","","","","","","","","","","","","","","","","","","","","","","","","","","","","","","","","","","","","","","","","","","","","","","","","","","","","","","","","","","","","","","","","","","","","","","","","","","","",""
"","","","","","","","","","","","","","","","","","","","","","","","","","","","","","","","","","","","","","","","","","","","","","","","","","","","","","","","","","","","","","","","","","","","","","","","","","","","","","","","","","","","","","","","","","","","","","","","","","","","","","","","","","","","","","","","","","","","","","","","","","","","","","","","","","","","","","","","","","","","","","","","","","","","","","","","","","","","","","","","","","","","","","","","","","","","","","","","","","","","","","","","","","","","","","","","","","","","","","","","","","","","","","","","","","","","","","","","","","","","","","","","","","","","","","","","","","","","","","","","","","","","",""
"","","","","","","","","","","","","","","","","","","","","","","","","","","","","","","","","","","","","","","","","","","","","","","","","","","","","","","","","","","","","","","","","","","","","","","","","","","","","","","","","","","","","","","","","","","","","","","","","","","","","","","","","","","","","","","","","","","","","","","","","","","","","","","","","","","","","","","","","","","","","","","","","","","","","","","","","","","","","","","","","","","","","","","","","","","","","","","","","","","","","","","","","","","","","","","","","","","","","","","","","","","","","","","","","","","","","","","","","","","","","","","","","","","","","","","","","","","","","","","","","","","","",""
"","","","","","","","","","","","","","","","","","","","","","","","","","","","","","","","","","","","","","","","","","","","","","","","","","","","","","","","","","","","","","","","","","","","","","","","","","","","","","","","","","","","","","","","","","","","","","","","","","","","","","","","","","","","","","","","","","","","","","","","","","","","","","","","","","","","","","","","","","","","","","","","","","","","","","","","","","","","","","","","","","","","","","","","","","","","","","","","","","","","","","","","","","","","","","","","","","","","","","","","","","","","","","","","","","","","","","","","","","","","","","","","","","","","","","","","","","","","","","","","","","","","",""
"","","","","","","","","","","","","","","","","","","","","","","","","","","","","","","","","","","","","","","","","","","","","","","","","","","","","","","","","","","","","","","","","","","","","","","","","","","","","","","","","","","","","","","","","","","","","","","","","","","","","","","","","","","","","","","","","","","","","","","","","","","","","","","","","","","","","","","","","","","","","","","","","","","","","","","","","","","","","","","","","","","","","","","","","","","","","","","","","","","","","","","","","","","","","","","","","","","","","","","","","","","","","","","","","","","","","","","","","","","","","","","","","","","","","","","","","","","","","","","","","","","","",""
"","","","","","","","","","","","","","","","","","","","","","","","","","","","","","","","","","","","","","","","","","","","","","","","","","","","","","","","","","","","","","","","","","","","","","","","","","","","","","","","","","","","","","","","","","","","","","","","","","","","","","","","","","","","","","","","","","","","","","","","","","","","","","","","","","","","","","","","","","","","","","","","","","","","","","","","","","","","","","","","","","","","","","","","","","","","","","","","","","","","","","","","","","","","","","","","","","","","","","","","","","","","","","","","","","","","","","","","","","","","","","","","","","","","","","","","","","","","","","","","","","","","",""
"","","","","","","","","","","","","","","","","","","","","","","","","","","","","","","","","","","","","","","","","","","","","","","","","","","","","","","","","","","","","","","","","","","","","","","","","","","","","","","","","","","","","","","","","","","","","","","","","","","","","","","","","","","","","","","","","","","","","","","","","","","","","","","","","","","","","","","","","","","","","","","","","","","","","","","","","","","","","","","","","","","","","","","","","","","","","","","","","","","","","","","","","","","","","","","","","","","","","","","","","","","","","","","","","","","","","","","","","","","","","","","","","","","","","","","","","","","","","","","","","","","","",""
"у░АТўЊУ┐йтіасЃюсѓ┐сЃ│","","тиЦТЋ░У┐йтіаУеГт«џ","","","","","","","","","","","","","","","","","","","","","","","","","","","","","","","","","","","","","","","","","","","","","","","","","","","","","","","","","","","","","","","","","","","","","","","","","","","","","","","","","","","","","","","","","","","","","","","","","","","","","","","","","","","","","","","","","","","","","","","","","","","","","","","","","","","","","","","","","","","","","","","","","","","","","","","","","","","","","","","","","","","","","","","","","","","","","","","","","","","","","","","","","","","","","","","","","","","","","","","","","","","","","","","","","","","","","","","","","","","","","","","","","","","","","","","","","","","","","","","","","",""
"тЈфС╗ісЂ«уиежЏєУђЁ","","сЂфсЂЌ","","","","У┐йтіаУђЁТ░ЈтљЇ","","","","","","","","","","","","","","","","","","","","","","","","","","","","","","","","","","","","","","","","","","","","","","","","","","","","","","","","","","","","","","","","","","","","","","","","","","","","","","","","","","","","","","","","","","","","","","","","","","","","","","","","","","","","","","","","","","","","","","","","","","","","","","","","","","","","","","","","","","","","","","","","","","","","","","","","","","","","","","","","","","","","","","","","","","","","","","","","","","","","","","","","","","","","","","","","","","","","","","","","","","","","","","","","","","","","","","","","","","","","","","","","","","","","","","","","","","","","","",""
"жќІтДІТЌЦ","Sun Jul 09 2023 11:00:00 GMT-0400 (сѓбсЃАсЃфсѓФТЮ▒жЃетцЈТЎѓжќЊ)","","тЅ▓УЙ╝ON","","false","У▒іућ░","","","","","","","","","","","","","","","","","","","","","","","","","","","","","","","","","","","","","","","","","","","","","","","","","","","","","","","","","","","","","","","","","","","","","","","","","","","","","","","","","","","","","","","","","","","","","","","","","","","","","","","","","","","","","","","","","","","","","","","","","","","","","","","","","","","","","","","","","","","","","","","","","","","","","","","","","","","","","","","","","","","","","","","","","","","","","","","","","","","","","","","","","","","","","","","","","","","","","","","","","","","","","","","","","","","","","","","","","","","","","","","","","","","","","","","","","","","","","",""
"№йЌ1тЋєт║ЌУАЌ","","","","","","У┐йтіатиЦТЋ░УАе","","","","","","","","","","","","","","","","","","","","","","","","","","","","","","","","","","","","","","","","","","","","","","","","","","","","","","","","","","","","","","","","","","","","","","","","","","","","","","","","","","","","","","","","","","","","","","","","","","","","","","","","","","","","","","","","","","","","","","","","","","","","","","","","","","","","","","","","","","","","","","","","","","","","","","","","","","","","","","","","","","","","","","","","","","","","","","","","","","","","","","","","","","","","","","","","","","","","","","","","","","","","","","","","","","","","","","","","","","","","","","","","","","","","","","","","","","","","","",""
